id,Name,Account Name,Phone,Level
1,Marcelo,Jabberbean,571-198-7238,mmanning0@dion.ne.jp
2,Zane,Trilith,690-906-6858,zrashleigh1@opensource.org
3,Amery,Topicstorm,669-499-0884,aparminter2@seesaa.net
4,Gabe,Photospace,184-726-3788,gcousin3@gizmodo.com
5,Nev,Youfeed,728-775-6694,nhrinchishin4@china.com.cn
6,Keenan,Feednation,966-680-2865,kwillcot5@va.gov
7,Isidro,Viva,955-925-1473,ipallin6@mapy.cz
8,Maxim,Jayo,143-662-2900,mbodiam7@so-net.ne.jp
9,Lonnie,Feedfire,509-371-5057,lbault8@smh.com.au
10,Abbott,Photobean,341-969-0458,ahudleston9@va.gov
11,Taylor,Gabtune,384-621-9014,tgunninghama@miitbeian.gov.cn
12,Desi,Oloo,221-882-5714,dferedayb@npr.org
13,Prinz,Cogilith,196-876-1059,ppikettc@t-online.de
14,Rog,Jabberstorm,952-892-8750,rshewd@diigo.com
15,Tris,Skinder,157-786-0228,tsollowayee@biblegateway.com
16,Matteo,Oba,344-512-7231,mcheekef@spiegel.de
17,Loren,Centidel,365-185-2179,lralfeg@scribd.com
18,Leupold,Rhycero,508-451-5151,lmyfordh@diigo.com
19,Saundra,Bluejam,970-407-8065,sduhigi@cbslocal.com
20,Nealson,Ntags,244-506-1019,nparfittj@xrea.com
21,Hinze,Tavu,991-381-8276,hbarefootk@jalbum.net
22,Harwilll,Mydo,410-561-2148,hdefaul@home.pl
23,Onfroi,Twitterwire,772-878-9473,ohedgerm@pcworld.com
24,Tammie,Photojam,359-414-4323,trowleyn@time.com
25,Clerc,Zoombeat,158-240-1551,ccookeo@indiatimes.com
26,Mason,Mydo,596-904-1570,mblakelyp@yelp.com
27,Cary,Lajo,822-925-6856,chaitlieq@vinaora.com
28,Avigdor,Eadel,847-282-0938,aparsonsr@umich.edu
29,Gray,Browsecat,763-187-0305,gputtons@ow.ly
30,Ric,Voomm,924-920-7822,rdybaldt@youtu.be
31,Julius,Oyope,822-557-8337,jkenfordu@pbs.org
32,Percy,Twitternation,795-533-8633,pwahnckev@php.net
33,Thatcher,Wordtune,716-185-2316,tbunworthw@google.it
34,Hartley,Linktype,722-780-3592,hferrullix@sina.com.cn
35,Rodd,Trunyx,187-330-4040,rollertony@cargocollective.com
36,Philip,Jabbercube,813-900-4413,pshawez@oracle.com
37,Aland,Voonix,171-529-0836,afetherby10@vimeo.com
38,Darrin,Buzzster,804-369-1990,dfitzsymon11@miibeian.gov.cn
39,Leif,Shufflester,754-855-8254,lnaisbitt12@ucsd.edu
40,Ingar,Voomm,185-251-8892,ibartosek13@google.ca
41,Tome,Abata,526-961-0865,tchilds14@slashdot.org
42,Thedrick,Livetube,922-985-8256,tdeknevet15@toplist.cz
43,Killian,Dynava,486-223-9204,kshadfourth16@goo.gl
44,Chaunce,Devbug,169-417-0860,cmatieu17@businessinsider.com
45,Keefer,Avavee,402-551-9292,kranns18@histats.com
46,Towny,Meedoo,940-951-7434,toffner19@nydailynews.com
47,Stearne,Cogibox,956-156-4966,snotman1a@google.nl
48,Gram,Cogidoo,702-410-6227,gsherville1b@fema.gov
49,Brantley,Skidoo,409-440-0608,bforsaith1c@bbc.co.uk
50,Alvy,Skajo,344-216-3804,adragonette1d@fda.gov
